Azone,Bzone,Czone,Marea
RVMPO,D410290001001,NA,RVMPO
RVMPO,D410290001002,NA,RVMPO
RVMPO,D410290002011,NA,RVMPO
RVMPO,D410290002012,NA,RVMPO
RVMPO,D410290002013,NA,RVMPO
RVMPO,D410290002021,NA,RVMPO
RVMPO,D410290002022,NA,RVMPO
RVMPO,D410290002023,NA,RVMPO
RVMPO,D410290002031,NA,RVMPO
RVMPO,D410290002032,NA,RVMPO
RVMPO,D410290002033,NA,RVMPO
RVMPO,D410290003003,NA,RVMPO
RVMPO,D410290003004,NA,RVMPO
RVMPO,D410290004031,NA,RVMPO
RVMPO,D410290004032,NA,RVMPO
RVMPO,D410290004041,NA,RVMPO
RVMPO,D410290004042,NA,RVMPO
RVMPO,D410290004051,NA,RVMPO
RVMPO,D410290004052,NA,RVMPO
RVMPO,D410290004061,NA,RVMPO
RVMPO,D410290004063,NA,RVMPO
RVMPO,D410290005011,NA,RVMPO
RVMPO,D410290005012,NA,RVMPO
RVMPO,D410290005021,NA,RVMPO
RVMPO,D410290005022,NA,RVMPO
RVMPO,D410290005024,NA,RVMPO
RVMPO,D410290006031,NA,RVMPO
RVMPO,D410290006032,NA,RVMPO
RVMPO,D410290006041,NA,RVMPO
RVMPO,D410290006042,NA,RVMPO
RVMPO,D410290006051,NA,RVMPO
RVMPO,D410290006052,NA,RVMPO
RVMPO,D410290006061,NA,RVMPO
RVMPO,D410290007011,NA,RVMPO
RVMPO,D410290007012,NA,RVMPO
RVMPO,D410290007021,NA,RVMPO
RVMPO,D410290007022,NA,RVMPO
RVMPO,D410290007023,NA,RVMPO
RVMPO,D410290008003,NA,RVMPO
RVMPO,D410290008004,NA,RVMPO
RVMPO,D410290009011,NA,RVMPO
RVMPO,D410290009012,NA,RVMPO
RVMPO,D410290009013,NA,RVMPO
RVMPO,D410290009022,NA,RVMPO
RVMPO,D410290010011,NA,RVMPO
RVMPO,D410290010012,NA,RVMPO
RVMPO,D410290010013,NA,RVMPO
RVMPO,D410290010021,NA,RVMPO
RVMPO,D410290010022,NA,RVMPO
RVMPO,D410290010024,NA,RVMPO
RVMPO,D410290011001,NA,RVMPO
RVMPO,D410290011002,NA,RVMPO
RVMPO,D410290011004,NA,RVMPO
RVMPO,D410290012001,NA,RVMPO
RVMPO,D410290012003,NA,RVMPO
RVMPO,D410290013011,NA,RVMPO
RVMPO,D410290013012,NA,RVMPO
RVMPO,D410290013013,NA,RVMPO
RVMPO,D410290013032,NA,RVMPO
RVMPO,D410290013033,NA,RVMPO
RVMPO,D410290013041,NA,RVMPO
RVMPO,D410290013043,NA,RVMPO
RVMPO,D410290013044,NA,RVMPO
RVMPO,D410290014012,NA,RVMPO
RVMPO,D410290014013,NA,RVMPO
RVMPO,D410290014031,NA,RVMPO
RVMPO,D410290015001,NA,RVMPO
RVMPO,D410290015002,NA,RVMPO
RVMPO,D410290015003,NA,RVMPO
RVMPO,D410290015004,NA,RVMPO
RVMPO,D410290016011,NA,RVMPO
RVMPO,D410290016013,NA,RVMPO
RVMPO,D410290016021,NA,RVMPO
RVMPO,D410290016022,NA,RVMPO
RVMPO,D410290016023,NA,RVMPO
RVMPO,D410290016024,NA,RVMPO
RVMPO,D410290016025,NA,RVMPO
RVMPO,D410290017012,NA,RVMPO
RVMPO,D410290017021,NA,RVMPO
RVMPO,D410290017022,NA,RVMPO
RVMPO,D410290018013,NA,RVMPO
RVMPO,D410290018014,NA,RVMPO
RVMPO,D410290018021,NA,RVMPO
RVMPO,D410290018022,NA,RVMPO
RVMPO,D410290019001,NA,RVMPO
RVMPO,D410290019002,NA,RVMPO
RVMPO,D410290020001,NA,RVMPO
RVMPO,D410290020002,NA,RVMPO
RVMPO,D410290021001,NA,RVMPO
RVMPO,D410290021002,NA,RVMPO
RVMPO,D410290021003,NA,RVMPO
RVMPO,D410290022001,NA,RVMPO
RVMPO,D410290022002,NA,RVMPO
RVMPO,D410290022003,NA,RVMPO
RVMPO,D410290022004,NA,RVMPO
RVMPO,D410290023001,NA,RVMPO
RVMPO,D410290023002,NA,RVMPO
RVMPO,D410290024001,NA,RVMPO
RVMPO,D410290024002,NA,RVMPO
RVMPO,D410290025001,NA,RVMPO
RVMPO,D410290025003,NA,RVMPO
RVMPO,D410290030011,NA,RVMPO
