Geo,Year,PropMetroHh,PropTownHh,PropRuralHh
Barnstable,2015,0.910569369,0.014600163,0.074830468
Berkshire,2015,0.450574993,0.233487528,0.315937479
Bristol,2015,0.901656985,0,0.098343015
Dukes,2015,0,0.609736922,0.390263078
Essex,2015,0.957559553,0,0.042440447
Franklin,2015,0,0.455682901,0.544317099
Hampden,2015,0.91429157,0,0.08570843
Hampshire,2015,0.68208502,0.043477986,0.274436994
Middlesex,2015,0.969722936,0,0.030277064
Nantucket,2015,0,0.811049941,0.188950059
Norfolk,2015,0.987596333,0,0.012403667
Plymouth,2015,0.896922527,0,0.103077473
Suffolk,2015,1,0,0
Worcester,2015,0.793843106,0.02225403,0.183902864
Barnstable,2050,0.914520422,0.01394923,0.071530348
Berkshire,2050,0.448110913,0.233995579,0.317893508
Bristol,2050,0.897209382,0,0.102790618
Dukes,2050,0,0.623405086,0.376594914
Essex,2050,0.947064779,0,0.052935221
Franklin,2050,0,0.482294486,0.517705514
Hampden,2050,0.904243014,0,0.095756986
Hampshire,2050,0.662953114,0.046176536,0.290870349
Middlesex,2050,0.960737978,0,0.039262022
Nantucket,2050,0,0.815489253,0.184510747
Norfolk,2050,0.977508161,0,0.022491839
Plymouth,2050,0.885207842,0,0.114792158
Suffolk,2050,1,0,0
Worcester,2050,0.784654207,0.023647835,0.191697958
